code,name,year_listed
600730,中国高科,1996
000045,深纺织A,1994
601003,柳钢股份,2007
002381,双箭股份,2010
300229,拓尔思,2011
002456,欧菲科技,2010
000735,罗牛山,1997
002415,海康威视,2010
002574,明牌珠宝,2011
000832,*ST龙涤,1998
600203,福日电子,1999
600315,上海家化,2001
002056,横店东磁,2006
000571,新大洲A,1994
002493,荣盛石化,2010
300304,云意电气,2012
300351,永贵电器,2012
002114,罗平锌电,2007
601216,君正集团,2011
900916,凤凰B股,1993
300116,坚瑞沃能,2010
002533,金杯电工,2010
300371,汇中股份,2014
600075,新疆天业,1997
002472,双环传动,2010
000736,中交地产,1997
600095,哈高科,1997
000727,华东科技,1997
300368,汇金股份,2014
300268,佳沃股份,2011
600313,农发种业,2001
002703,浙江世宝,2012
600875,东方电气,1995
600285,羚锐制药,2000
601678,滨化股份,2010
000926,福星股份,1999
600423,*ST柳化,2003
000811,冰轮环境,1998
600367,红星发展,2001
002188,*ST巴士,2007
200581,苏威孚B,1995
000852,石化机械,1998
000658,ST海洋,1996
002025,航天电器,2004
002454,松芝股份,2010
002159,三特索道,2007
002620,瑞和股份,2011
600268,国电南自,1999
600724,宁波富达,1996
600078,澄星股份,1997
600662,强生控股,1993
002053,云南能投,2006
300132,青松股份,2010
600599,熊猫金控,2001
600176,中国巨石,1999
600985,雷鸣科化,2004
600530,交大昂立,2001
300430,诚益通,2015
002719,麦趣尔,2014
000502,绿景控股,1992
002482,广田集团,2010
600436,片仔癀,2003
600262,北方股份,2000
002518,科士达,2010
600701,*ST工新,1996
601918,新集能源,2007
300195,长荣股份,2011
601198,东兴证券,2015
600117,西宁特钢,1997
002167,东方锆业,2007
002714,牧原股份,2014
000529,广弘控股,1993
300723,一品红,2017
002433,太安堂,2010
600159,大龙地产,1998
600839,四川长虹,1994
600515,海航基础,2002
002922,伊戈尔,2017
600537,亿晶光电,2003
300359,全通教育,2014
002147,新光圆成,2007
002601,龙蟒佰利,2011
600084,中葡股份,1997
601179,中国西电,2010
000159,国际实业,2000
600284,浦东建设,2004
600503,华丽家族,2002
000031,中粮地产,1993
002549,凯美特气,2011
002369,卓翼科技,2010
600773,西藏城投,1996
000809,铁岭新城,1998
600469,风神股份,2003
002097,山河智能,2006
603166,福达股份,2014
900909,华谊B股,1992
600418,江淮汽车,2001
300386,飞天诚信,2014
300095,华伍股份,2010
600664,哈药股份,1993
002652,扬子新材,2012
300305,裕兴股份,2012
600770,综艺股份,1996
002196,方正电机,2007
600961,株冶集团,2004
600648,外高桥,1993
600113,浙江东日,1997
002309,中利集团,2009
002343,慈文传媒,2010
002260,*ST德奥,2008
002520,日发精机,2010
002394,联发股份,2010
000544,中原环保,1993
300393,中来股份,2014
002107,沃华医药,2007
601231,环旭电子,2012
603020,爱普股份,2015
600695,绿庭投资,1993
300151,昌红科技,2010
600596,新安股份,2001
600055,万东医疗,1997
600068,葛洲坝,1997
300416,苏试试验,2015
002358,森源电气,2010
002270,华明装备,2008
600777,新潮能源,1996
300317,珈伟股份,2012
000823,超声电子,1997
002489,浙江永强,2010
000787,*ST创智,1997
600728,佳都科技,1996
000592,平潭发展,1996
300105,龙源技术,2010
603329,上海雅仕,2017
002756,永兴特钢,2015
002082,万邦德,2006
002557,洽洽食品,2011
300161,华中数控,2011
600692,亚通股份,1993
600546,山煤国际,2003
002335,科华恒盛,2010
600475,华光股份,2003
900936,鄂资B股,1995
002757,南兴装备,2015
603019,中科曙光,2014
300134,大富科技,2010
000004,国农科技,1991
300467,迅游科技,2015
600031,三一重工,2003
000416,民生控股,1996
000996,中国中期,2000
600895,张江高科,1996
300057,万顺股份,2010
600236,桂冠电力,2000
002490,山东墨龙,2010
001896,豫能控股,1998
300358,楚天科技,2014
000715,中兴商业,1997
300148,天舟文化,2010
002483,润邦股份,2010
200016,深康佳B,1992
002591,恒大高新,2011
002007,华兰生物,2004
600006,东风汽车,1999
000078,海王生物,1998
600883,博闻科技,1995
600580,卧龙电气,2002
002536,西泵股份,2011
603655,朗博科技,2017
000965,天保基建,2000
600481,双良节能,2003
600333,长春燃气,2000
300024,机器人,2009
000584,哈工智能,1995
002403,爱仕达,2010
600634,*ST富控,1993
600586,金晶科技,2002
000737,*ST南风,1997
300092,科新机电,2010
601991,大唐发电,2006
603939,益丰药房,2015
600280,中央商场,2000
002013,中航机电,2004
600127,金健米业,1998
000505,京粮控股,1992
600130,波导股份,2000
600139,西部资源,1998
002217,合力泰,2008
000876,新希望,1998
000522,白云山A,1993
600513,联环药业,2003
002008,大族激光,2004
000521,美菱电器,1993
000609,中迪投资,1996
002233,塔牌集团,2008
002106,莱宝高科,2007
600774,汉商集团,1996
002484,江海股份,2010
000933,神火股份,1999
300041,回天新材,2010
600478,科力远,2003
600753,东方银星,1996
300731,科创新源,2017
002355,兴民智通,2010
002453,天马精化,2010
002742,三圣股份,2015
601000,唐山港,2010
300052,中青宝,2010
300732,设研院,2017
600366,宁波韵升,2000
002864,盘龙药业,2017
002006,精功科技,2004
002417,深南股份,2010
600290,华仪电气,2000
603605,珀莱雅,2017
601989,中国重工,2009
002389,南洋科技,2010
600557,康缘药业,2002
600816,安信信托,1994
300281,金明精机,2011
002253,川大智胜,2008
600056,中国医药,1997
002384,东山精密,2010
600190,锦州港,1999
000518,四环生物,1993
600179,安通控股,1998
600161,天坛生物,1998
002633,申科股份,2011
002302,西部建设,2009
300127,银河磁体,2010
300252,金信诺,2011
600532,宏达矿业,2002
601186,中国铁建,2008
300375,鹏翎股份,2014
300381,溢多利,2014
600332,白云山,2001
300113,顺网科技,2010
600483,福能股份,2004
600764,中国海防,1996
000679,大连友谊,1997
600808,马钢股份,1994
300319,麦捷科技,2012
600702,舍得酒业,1996
002636,金安国纪,2011
000856,冀东装备,1998
600526,菲达环保,2002
300443,金雷风电,2015
300046,台基股份,2010
300074,华平股份,2010
002046,轴研科技,2005
002672,东江环保,2012
900948,伊泰B股,1997
000638,万方发展,1996
300340,科恒股份,2012
200986,粤华包B,2000
200056,皇庭B,1995
601008,连云港,2007
300306,远方信息,2012
600711,盛屯矿业,1996
000835,长城动漫,1999
600069,银鸽投资,1997
002341,新纶科技,2010
600752,*ST哈慈,1996
600998,九州通,2010
002443,金洲管道,2010
603688,石英股份,2014
600058,五矿发展,1997
600310,桂东电力,2001
002655,共达电声,2012
600536,中国软件,2002
002268,卫士通,2008
600966,博汇纸业,2004
000717,韶钢松山,1997
002667,鞍重股份,2012
600120,浙江东方,1997
000524,岭南控股,1993
002092,中泰化学,2006
000061,农产品,1997
603017,中衡设计,2014
002331,皖通科技,2010
000007,全新好,1992
002031,巨轮智能,2004
603989,艾华集团,2015
300083,劲胜智能,2010
300424,航新科技,2015
300263,隆华节能,2011
600146,商赢环球,1999
000765,*ST华信,1997
002516,旷达科技,2010
000506,中润资源,1993
600603,广汇物流,1992
000602,金马集团,1996
000710,贝瑞基因,1997
300030,阳普医疗,2009
002127,南极电商,2007
002145,中核钛白,2007
600506,香梨股份,2001
300008,天海防务,2009
300440,运达科技,2015
002608,江苏国信,2011
002237,恒邦股份,2008
002435,长江润发,2010
601100,恒立液压,2011
600468,百利电气,2001
600712,南宁百货,1996
000831,五矿稀土,1998
300361,奥赛康,
600073,上海梅林,1997
002738,中矿资源,2014
002701,奥瑞金,2012
600255,梦舟股份,2000
300437,清水源,2015
000099,中信海直,2000
300028,金亚科技,2009
601668,中国建筑,2009
300020,银江股份,2009
601928,凤凰传媒,2011
002091,江苏国泰,2006
300384,三联虹普,2014
600691,阳煤化工,1993
000561,烽火电子,1994
000980,众泰汽车,2000
600806,退市昆机,1994
600683,京投发展,1993
300333,兆日科技,2012
600246,万通地产,2000
000882,华联股份,1998
002545,东方铁塔,2011
002063,远光软件,2006
002669,康达新材,2012
002121,科陆电子,2007
002356,赫美集团,2010
600111,北方稀土,1997
000729,燕京啤酒,1997
000426,兴业矿业,1996
002120,韵达股份,2007
600018,上港集团,2000
900914,锦投B股,1993
002422,科伦药业,2010
300082,奥克股份,2010
002124,天邦股份,2007
600226,瀚叶股份,1999
000523,广州浪奇,1993
600178,东安动力,1998
000527,美的电器,1993
600723,首商股份,1996
600553,太行水泥,2002
600633,浙数文化,1993
300425,环能科技,2015
600380,健康元,2001
002378,章源钨业,2010
000777,中核科技,1997
001696,宗申动力,1997
300378,鼎捷软件,2014
603000,人民网,2012
000833,贵糖股份,1998
002396,星网锐捷,2010
600722,金牛化工,1996
300397,天和防务,2014
300149,量子生物,2010
002679,福建金森,2012
300138,晨光生物,2010
300417,南华仪器,2015
002737,葵花药业,2014
600619,海立股份,1992
000010,美丽生态,1995
000757,浩物股份,1997
601886,江河集团,2011
600038,中直股份,2000
002543,万和电气,2011
000806,银河生物,1998
601939,建设银行,2007
002334,英威腾,2010
002478,常宝股份,2010
600997,开滦股份,2004
601006,大秦铁路,2006
300104,乐视网,2010
002098,浔兴股份,2006
600487,亨通光电,2003
300366,创意信息,2014
603890,春秋电子,2017
600652,游久游戏,1990
300047,天源迪科,2010
300265,通光线缆,2011
600196,复星医药,1998
300407,凯发电气,2014
601996,丰林集团,2011
601001,大同煤业,2006
300073,当升科技,2010
000507,珠海港,1993
300172,中电环保,2011
002450,康得新,2010
002062,宏润建设,2006
600755,厦门国贸,1996
600288,大恒科技,2000
002629,仁智股份,2011
600690,青岛海尔,1993
600566,济川药业,2001
002101,广东鸿图,2006
601718,际华集团,2010
000997,新大陆,2000
002272,川润股份,2008
300285,国瓷材料,2012
000531,穗恒运A,1994
300308,中际旭创,2012
300372,欣泰退,2014
000892,欢瑞世纪,1999
002187,广百股份,2007
300204,舒泰神,2011
002424,贵州百灵,2010
000402,金融街,1996
300408,三环集团,2014
300176,鸿特科技,2011
600521,华海药业,2003
000413,东旭光电,1996
600200,江苏吴中,1999
000800,一汽轿车,1997
300171,东富龙,2011
002137,麦达数字,2007
600365,通葡股份,2001
601908,京运通,2011
002005,德豪润达,2004
600166,福田汽车,1998
300315,掌趣科技,2012
002587,奥拓电子,2011
300354,东华测试,2012
600604,市北高新,1992
600892,大晟文化,1996
300242,佳云科技,2011
002095,生意宝,2006
600415,小商品城,2002
000949,新乡化纤,1999
000989,九芝堂,2000
600516,方大炭素,2002
002648,卫星石化,2011
002611,东方精工,2011
600763,通策医疗,1996
600217,中再资环,1999
000035,中国天楹,1994
600699,均胜电子,1993
000510,金路集团,1993
601088,中国神华,2007
600241,时代万恒,2000
600581,八一钢铁,2002
600735,新华锦,1996
600293,三峡新材,2000
002425,凯撒文化,2010
600668,尖峰集团,1993
300180,华峰超纤,2011
600005,武钢股份,1999
002436,兴森科技,2010
600298,安琪酵母,2000
002303,美盈森,2009
300156,神雾环保,2011
200030,富奥B,1993
300090,盛运环保,2010
000558,莱茵体育,1994
002686,亿利达,2012
000797,中国武夷,1997
002644,佛慈制药,2011
002705,新宝股份,2014
002186,全聚德,2007
000059,华锦股份,1997
603108,润达医疗,2015
002386,天原集团,2010
002307,北新路桥,2009
002142,宁波银行,2007
002414,高德红外,2010
000032,深桑达A,1993
002077,大港股份,2006
000034,神州数码,1994
600101,明星电力,1997
000597,东北制药,1996
000425,徐工机械,1996
603806,福斯特,2014
600529,山东药玻,2002
600091,ST明科,1997
300380,安硕信息,2014
600104,上汽集团,1997
300017,网宿科技,2009
600208,新湖中宝,1999
002431,棕榈股份,2010
600991,广汽长丰,2004
000504,南华生物,1992
600608,ST沪科,1992
002628,成都路桥,2011
600230,沧州大化,2000
300388,国祯环保,2014
002542,中化岩土,2011
200706,瓦轴B,1997
000689,ST宏业,1996
002193,如意集团,2007
002707,众信旅游,2014
600039,四川路桥,2003
600511,国药股份,2002
300452,山河药辅,2015
600083,博信股份,1997
300313,天山生物,2012
002051,中工国际,2006
002210,飞马国际,2008
600993,马应龙,2004
600175,美都能源,1999
600482,中国动力,2004
000532,华金资本,1994
600718,东软集团,1996
000993,闽东电力,2000
300157,恒泰艾普,2011
300266,兴源环境,2011
300089,文化长城,2010
600876,洛阳玻璃,1995
002149,西部材料,2007
002640,跨境通,2011
000751,锌业股份,1997
000525,红太阳,1993
900908,氯碱B股,1992
600182,S佳通,1999
002687,乔治白,2012
600857,宁波中百,1994
603567,珍宝岛,2015
600012,皖通高速,2003
002675,东诚药业,2012
300275,梅安森,2011
000951,中国重汽,1999
002330,得利斯,2010
002592,八菱科技,2011
600686,金龙汽车,1993
600289,*ST信通,2000
002099,海翔药业,2006
002194,*ST凡谷,2007
300194,福安药业,2011
002642,荣之联,2011
600356,恒丰纸业,2001
002600,领益智造,2011
600222,太龙药业,1999
600389,江山股份,2001
002036,联创电子,2004
000988,华工科技,2000
002244,滨江集团,2008
000423,东阿阿胶,1996
600595,中孚实业,2002
002162,悦心健康,2007
600273,嘉化能源,2003
000100,TCL集团,2004
600870,*ST厦华,1995
300062,中能电气,2010
601699,潞安环能,2006
603030,全筑股份,2015
000622,恒立实业,1996
300227,光韵达,2011
000851,高鸿股份,1998
002759,天际股份,2015
002122,*ST天马,2007
603311,金海环境,2015
002546,新联电子,2011
300106,西部牧业,2010
600853,龙建股份,1994
000905,厦门港务,1999
600663,陆家嘴,1993
000511,烯碳退,1993
600405,动力源,2004
600233,圆通速递,2000
002130,沃尔核材,2007
600510,黑牡丹,2002
603566,普莱柯,2015
002235,安妮股份,2008
000880,潍柴重机,1998
000534,万泽股份,1994
000593,大通燃气,1996
600867,通化东宝,1994
600157,永泰能源,1998
601318,中国平安,2007
002128,露天煤业,2007
300166,东方国信,2011
300108,吉药控股,2010
000709,河钢股份,1997
002102,冠福股份,2006
300356,光一科技,2012
600001,邯郸钢铁,1998
002434,万里扬,2010
300220,金运激光,2011
600768,宁波富邦,1996
600256,广汇能源,2000
002104,恒宝股份,2007
300363,博腾股份,2014
600327,大东方,2002
000930,中粮生化,1999
600616,金枫酒业,1992
002288,超华科技,2009
600215,长春经开,1999
600846,同济科技,1994
002517,恺英网络,2010
600543,莫高股份,2004
600076,康欣新材,1997
002656,摩登大道,2012
601218,吉鑫科技,2011
603901,永创智能,2015
300141,和顺电气,2010
600589,广东榕泰,2001
600172,黄河旋风,1998
002318,久立特材,2009
300445,康斯特,2015
000650,仁和药业,1996
600832,东方明珠,1994
000047,ST中侨,1994
200012,南玻B,1992
300086,康芝药业,2010
600209,*ST罗顿,1999
600123,兰花科创,1998
002915,中欣氟材,2017
603118,共进股份,2015
601113,华鼎股份,2011
600167,联美控股,1999
300022,吉峰农机,2009
300121,阳谷华泰,2010
000055,方大集团,1996
603309,维力医疗,2015
600706,曲江文旅,1996
603222,济民制药,2015
600325,华发股份,2004
600339,中油工程,2000
002691,冀凯股份,2012
600787,中储股份,1997
603636,南威软件,2014
601766,中国中车,2008
300201,海伦哲,2011
600355,精伦电子,2002
000005,世纪星源,1990
002220,天宝食品,2008
600336,澳柯玛,2000
300120,经纬电材,2010
600403,大有能源,2003
600265,ST景谷,2000
002184,海得控制,2007
600593,大连圣亚,2002
002180,纳思达,2007
300056,三维丝,2010
600345,长江通信,2000
300128,锦富技术,2010
600789,鲁抗医药,1997
002326,永太科技,2009
300350,华鹏飞,2012
600382,广东明珠,2001
000683,远兴能源,1997
601238,广汽集团,2012
600637,东方明珠,1993
002314,南山控股,2009
000789,万年青,1997
601880,大连港,2010
600900,长江电力,2003
300367,东方网力,2014
600357,承德钒钛,2002
300270,中威电子,2011
002087,新野纺织,2006
002390,信邦制药,2010
300364,中文在线,2015
600801,华新水泥,1994
002246,北化股份,2008
600152,维科技术,1998
300016,北陆药业,2009
002351,漫步者,2010
600791,京能置业,1997
600218,全柴动力,1998
600779,水井坊,1996
000977,浪潮信息,2000
600570,恒生电子,2003
300032,金龙机电,2009
002294,信立泰,2009
603188,亚邦股份,2014
000630,铜陵有色,1996
601801,皖新传媒,2010
600958,东方证券,2015
601998,中信银行,2007
000028,国药一致,1993
603080,新疆火炬,2018
600026,中远海能,2002
600573,惠泉啤酒,2003
600419,天润乳业,2001
002155,湖南黄金,2007
002569,步森股份,2011
000678,襄阳轴承,1997
002405,四维图新,2010
600346,恒力股份,2001
002191,劲嘉股份,2007
000953,ST河化,1999
002357,富临运业,2010
600522,中天科技,2002
600145,*ST新亿,1999
002214,大立科技,2008
002024,苏宁易购,2004
600621,华鑫股份,1992
002094,青岛金王,2006
002181,粤传媒,2007
002421,达实智能,2010
002734,利民股份,2015
601222,林洋能源,2011
002297,博云新材,2009
000049,德赛电池,1995
002695,煌上煌,2012
002578,闽发铝业,2011
300398,飞凯材料,2014
600165,新日恒力,1998
600613,神奇制药,1992
000672,上峰水泥,1996
600822,上海物贸,1994
000881,中广核技,1998
300007,汉威科技,2009
600611,大众交通,1992
000721,西安饮食,1997
600283,钱江水利,2000
002340,格林美,2010
000909,数源科技,1999
300299,富春股份,2012
600688,上海石化,1993
601007,金陵饭店,2007
600687,刚泰控股,1993
000008,神州高铁,1992
002558,巨人网络,2011
603368,柳药股份,2014
300209,天泽信息,2011
300312,邦讯技术,2012
000627,天茂集团,1996
002735,王子新材,2014
601377,兴业证券,2010
000635,英力特,1996
600263,路桥建设,2000
300296,利亚德,2012
002324,普利特,2009
603988,中电电机,2014
300294,博雅生物,2012
601689,拓普集团,2015
000038,深大通,1994
002584,西陇科学,2011
000919,金陵药业,1999
002913,奥士康,2017
300404,博济医药,2015
601688,华泰证券,2010
002634,棒杰股份,2011
002226,江南化工,2008
002479,富春环保,2010
002582,好想你,2011
900920,上柴B股,1993
000925,众合科技,1999
600329,中新药业,2001
002238,天威视讯,2008
002586,围海股份,2011
600660,福耀玻璃,1993
300211,亿通科技,2011
600247,*ST成城,2000
002218,拓日新能,2008
200541,粤照明B,1995
600658,电子城,1993
002329,皇氏集团,2010
000722,湖南发展,1997
600116,三峡水利,1997
000760,斯太尔,1997
600193,*ST创兴,1999
002136,安纳达,2007
000686,东北证券,1997
000338,潍柴动力,2007
600338,西藏珠峰,2000
002467,二六三,2010
002178,延华智能,2007
300129,泰胜风能,2010
200160,东沣B,2000
600647,同达创业,1993
200539,粤电力B,1995
000586,汇源通信,1995
300119,瑞普生物,2010
002444,巨星科技,2010
600796,钱江生化,1997
603889,新澳股份,2014
000955,欣龙控股,1999
600479,千金药业,2004
600251,冠农股份,2003
002275,桂林三金,2009
600567,山鹰纸业,2001
002664,长鹰信质,2012
000673,当代东方,1997
603083,剑桥科技,2017
002643,万润股份,2011
300344,太空智造,2012
600827,百联股份,1994
600625,PT水仙,1993
000860,顺鑫农业,1998
002639,雪人股份,2011
600211,西藏药业,1999
300087,荃银高科,2010
300396,迪瑞医疗,2014
600819,耀皮玻璃,1994
002550,千红制药,2011
600353,旭光股份,2002
603010,万盛股份,2014
000633,合金投资,1996
600761,安徽合力,1996
600734,实达集团,1996
002571,德力股份,2011
300434,金石东方,2015
000681,视觉中国,1997
300187,永清环保,2011
600102,莱钢股份,1997
000895,双汇发展,1998
600836,界龙实业,1994
002001,新和成,2004
600973,宝胜股份,2004
002711,欧浦智网,2014
002730,电光科技,2014
300015,爱尔眼科,2009
300034,钢研高纳,2009
002176,江特电机,2007
300419,浩丰科技,2015
000889,茂业通信,1997
600694,大商股份,1993
002468,申通快递,2010
300376,易事特,2014
600259,广晟有色,2000
600810,神马股份,1994
601633,长城汽车,2011
000029,深深房A,1993
002677,浙江美大,2012
600794,保税科技,1997
002452,长高集团,2010
601328,交通银行,2007
000564,供销大集,1994
000620,新华联,1996
600378,天科股份,2001
600052,浙江广厦,1997
603227,雪峰科技,2015
601038,一拖股份,2012
603006,联明股份,2014
002064,华峰氨纶,2006
002700,新疆浩源,2012
000793,华闻传媒,1997
002683,宏大爆破,2012
600520,文一科技,2002
002708,光洋股份,2014
000723,美锦能源,1997
002565,顺灏股份,2011
002486,嘉麟杰,2010
002170,芭田股份,2007
000702,正虹科技,1997
300037,新宙邦,2010
000545,金浦钛业,1993
000652,泰达股份,1996
300240,飞力达,2011
600704,物产中大,1996
002495,佳隆股份,2010
002625,光启技术,2011
600409,三友化工,2003
300070,碧水源,2010
300258,精锻科技,2011
600452,涪陵电力,2004
002138,顺络电子,2007
600825,新华传媒,1994
900903,大众B股,1992
600426,华鲁恒升,2002
900901,云赛B股,1992
000837,秦川机床,1998
002487,大金重工,2010
002561,徐家汇,2011
900922,三毛B股,1993
600231,凌钢股份,2000
300040,九洲电气,2010
002222,福晶科技,2008
002491,通鼎互联,2010
002151,北斗星通,2007
300331,苏大维格,2012
300019,硅宝科技,2009
300002,神州泰岳,2009
002393,力生制药,2010
000915,山大华特,1999
002045,国光电器,2005
000089,深圳机场,1998
000619,海螺型材,1996
000826,启迪桑德,1998
002712,思美传媒,2014
600137,浪莎股份,1998
300155,安居宝,2011
600698,湖南天雁,1993
600370,三房巷,2003
600400,红豆股份,2001
002032,苏泊尔,2004
600309,万华化学,2001
300385,雪浪环境,2014
002219,恒康医疗,2008
000858,五粮液,1998
000066,中国长城,1997
601005,重庆钢铁,2007
000732,泰禾集团,1997
600519,贵州茅台,2001
002278,神开股份,2009
002319,乐通股份,2009
600391,航发科技,2001
600105,永鼎股份,1997
600854,春兰股份,1994
600021,上海电力,2003
300248,新开普,2011
002304,洋河股份,2009
002206,海利得,2008
000691,亚太实业,1997
300247,乐金健康,2011
200761,本钢板B,1997
002662,京威股份,2012
603009,北特科技,2014
002192,融捷股份,2007
000680,山推股份,1997
000027,深圳能源,1993
600092,S*ST精密,1997
000501,鄂武商A,1992
601777,力帆股份,2010
002429,兆驰股份,2010
002365,永安药业,2010
900933,华新B股,1994
600523,贵航股份,2001
300736,百华悦邦,2018
000665,湖北广电,1996
600343,航天动力,2003
600555,海航创新,2001
000705,浙江震元,1997
600396,金山股份,2001
002729,好利来,2014
002328,新朋股份,2009
603355,莱克电气,2015
200418,小天鹅B,1996
000023,深天地A,1993
002027,分众传媒,2004
600491,龙元建设,2004
300235,方直科技,2011
601002,晋亿实业,2007
600269,赣粤高速,2000
600852,*ST中川,1994
900911,金桥B股,1993
300102,乾照光电,2010
002347,泰尔股份,2010
600323,瀚蓝环境,2000
002544,杰赛科技,2011
000407,胜利股份,1996
002223,鱼跃医疗,2008
600461,洪城水业,2004
300365,恒华科技,2014
002067,景兴纸业,2006
000990,诚志股份,2000
002109,兴化股份,2007
000568,泸州老窖,1994
002470,金正大,2010
300300,汉鼎宇佑,2012
300458,全志科技,2015
600548,深高速,2001
300335,迪森股份,2012
600186,莲花健康,1998
000488,晨鸣纸业,2000
002647,民盛金科,2011
300450,先导智能,2015
000603,盛达矿业,1996
601311,骆驼股份,2011
600143,金发科技,2004
300349,金卡智能,2012
002609,捷顺科技,2011
002466,天齐锂业,2010
002447,晨鑫科技,2010
600814,杭州解百,1994
300256,星星科技,2011
600751,海航科技,1996
002404,嘉欣丝绸,2010
600300,维维股份,2000
002717,岭南股份,2014
300208,恒顺众昇,2011
002367,康力电梯,2010
002015,霞客环保,2004
000731,四川美丰,1997
601288,农业银行,2010
600110,诺德股份,1997
002370,亚太药业,2010
600681,百川能源,1993
002177,御银股份,2007
300236,上海新阳,2011
900953,凯马B,1998
600267,海正药业,2000
600305,恒顺醋业,2001
300382,斯莱克,2014
300457,赢合科技,2015
300389,艾比森,2014
002593,日上集团,2011
300224,正海磁材,2011
601139,深圳燃气,2009
000418,小天鹅A,1997
601116,三江购物,2011
600640,号百控股,1993
600635,大众公用,1993
300018,中元股份,2009
002537,海联金汇,2011
603126,中材节能,2014
000692,惠天热电,1997
300297,蓝盾股份,2012
900955,海创B股,1999
002385,大北农,2010
600082,海泰发展,1997
000932,华菱钢铁,1999
600171,上海贝岭,1998
900939,汇丽B,1996
300459,金科文化,2015
002018,*ST华信,2004
000998,隆平高科,2000
600535,天士力,2002
601599,鹿港文化,2011
300726,宏达电子,2017
002499,科林环保,2010
002224,三力士,2008
300014,亿纬锂能,2009
002380,科远股份,2010
002410,广联达,2010
002627,宜昌交运,2011
300048,合康新能,2010
002509,天广中茂,2010
300402,宝色股份,2014
600229,城市传媒,2000
002250,联化科技,2008
002614,奥佳华,2011
000556,PT南洋,1994
600550,保变电气,2001
601515,东风股份,2012
600326,西藏天路,2001
000042,中洲控股,1994
000668,荣丰控股,1996
300230,永利股份,2011
002150,通润装备,2007
002689,远大智能,2012
002308,威创股份,2009
000950,*ST建峰,1999
300076,GQY视讯,2010
002269,美邦服饰,2008
600379,宝光股份,2002
002749,国光股份,2015
300289,利德曼,2012
000570,苏常柴A,1994
000952,广济药业,1999
300383,光环新网,2014
300115,长盈精密,2010
600622,光大嘉宝,1992
002264,新华都,2008
600371,万向德农,2002
600292,远达环保,2000
002026,山东威达,2004
300246,宝莱特,2011
600470,六国化工,2004
601717,郑煤机,2010
000498,山东路桥,1997
601018,宁波港,2010
002496,辉丰股份,2010
000014,沙河股份,1992
000890,法尔胜,1999
300231,银信科技,2011
002446,盛路通信,2010
000551,创元科技,1994
002579,中京电子,2011
002501,利源精制,2010
600533,栖霞建设,2002
002040,南京港,2005
600212,江泉实业,1999
600270,外运发展,2000
600302,标准股份,2000
002387,维信诺,2010
600614,鹏起科技,1992
000666,经纬纺机,1996
002216,三全食品,2008
002332,仙琚制药,2010
600538,国发股份,2003
603123,翠微股份,2012
300410,正业科技,2014
600205,S山东铝,1999
601558,ST锐电,2011
600106,重庆路桥,1997
000761,本钢板材,1998
002471,中超控股,2010
300122,智飞生物,2010
600210,紫江企业,1999
603199,九华旅游,2015
002480,新筑股份,2010
600087,退市长油,1997
002739,万达电影,2015
900918,耀皮B股,1993
002164,宁波东力,2007
000036,华联控股,1994
002692,睿康股份,2012
600653,申华控股,1990
000695,滨海能源,1997
600219,南山铝业,1999
002631,德尔未来,2011
002650,加加食品,2012
600358,国旅联合,2000
002618,丹邦科技,2011
603366,日出东方,2012
601969,海南矿业,2014
600177,雅戈尔,1998
600565,迪马股份,2002
600295,鄂尔多斯,2001
900956,东贝B股,1999
000410,沈阳机床,1996
000420,吉林化纤,1996
601958,金钼股份,2008
000018,神州长城,1992
000920,南方汇通,1999
000848,承德露露,1997
600348,阳泉煤业,2003
000002,万科A,1991
300139,晓程科技,2010
002563,森马服饰,2011
600859,王府井,1994
300080,易成新能,2010
000550,江铃汽车,1993
300403,地尔汉宇,2014
002146,荣盛发展,2007
300251,光线传媒,2011
603088,宁波精达,2014
600132,重庆啤酒,1997
600708,光明地产,1996
900945,海控B股,1997
600602,云赛智联,1990
300284,苏交科,2012
000655,*ST金岭,1996
300214,日科化学,2011
300203,聚光科技,2011
603609,禾丰牧业,2014
002538,司尔特,2011
002171,楚江新材,2007
002204,大连重工,2008
600759,洲际油气,1996
600090,同济堂,1997
600011,华能国际,2001
000923,河北宣工,1999
000676,智度股份,1996
603619,中曼石油,2017
002398,建研集团,2010
200168,舜喆B,2000
000862,银星能源,1998
000850,华茂股份,1998
002232,启明信息,2008
603025,大豪科技,2015
600029,南方航空,2003
600741,华域汽车,1996
000623,吉林敖东,1996
900919,绿庭B股,1993
600489,中金黄金,2003
600369,西南证券,2001
601137,博威合金,2011
002354,天神娱乐,2010
600036,招商银行,2002
000631,顺发恒业,1996
002118,紫鑫药业,2007
000612,焦作万方,1996
000877,天山股份,1999
600059,古越龙山,1997
600826,兰生股份,1994
002322,理工环科,2009
000863,三湘印象,1997
000875,吉电股份,2002
002659,凯文教育,2012
002361,神剑股份,2010
000583,S*ST托普,1995
300400,劲拓股份,2014
603729,龙韵股份,2015
200725,京东方B,1997
002401,中远海科,2010
002125,湘潭电化,2007
603686,龙马环卫,2015
002071,长城影视,2006
200570,苏常柴B,1996
600149,ST坊展,1999
000929,兰州黄河,1999
300222,科大智能,2011
600191,华资实业,1998
600250,南纺股份,2001
002028,思源电气,2004
002594,比亚迪,2011
002139,拓邦股份,2007
002504,弘高创意,2010
600286,S*ST国瓷,1999
600362,江西铜业,2002
002298,中电鑫龙,2009
002413,雷科防务,2010
600990,四创电子,2004
002200,云投生态,2007
300068,南都电源,2010
600376,首开股份,2001
000615,京汉股份,1996
603809,豪能股份,2017
002406,远东传动,2010
002168,深圳惠程,2007
600328,兰太实业,2000
300282,三盛教育,2011
300357,我武生物,2014
000417,合肥百货,1996
600823,世茂股份,1994
600022,山东钢铁,2004
600644,乐山电力,1993
002132,恒星科技,2007
603315,福鞍股份,2015
600612,老凤祥,1992
603161,科华控股,2018
600845,宝信软件,1994
002048,宁波华翔,2005
600335,国机汽车,2001
002637,赞宇科技,2011
300729,乐歌股份,2017
300217,东方电热,2011
000829,天音控股,1997
000663,永安林业,1996
601999,出版传媒,2007
600525,长园集团,2002
300341,麦迪电气,2012
002497,雅化集团,2010
600835,上海机电,1994
600033,福建高速,2001
000546,金圆股份,1993
002589,瑞康医药,2011
000703,恒逸石化,1997
900910,海立B股,1993
603168,莎普爱思,2014
002282,博深工具,2009
002089,新海宜,2006
600780,通宝能源,1996
600351,亚宝药业,2002
300399,京天利,2014
000589,黔轮胎A,1996
000822,山东海化,1998
600813,ST鞍一工,1994
002547,春兴精工,2011
300226,上海钢联,2011
600112,天成控股,1997
600518,康美药业,2001
600719,大连热电,1996
601313,江南嘉捷,2012
601808,中海油服,2007
000959,首钢股份,1999
000782,美达股份,1997
000013,*ST石化A,1992
603968,醋化股份,2015
600303,曙光股份,2000
300466,赛摩电气,2015
002616,长青集团,2011
600397,*ST安煤,2002
600020,中原高速,2003
600872,中炬高新,1995
002391,长青股份,2010
600107,美尔雅,1997
200055,方大B,1995
002419,天虹股份,2010
600306,商业城,2000
600261,阳光照明,2000
200029,深深房B,1994
600125,铁龙物流,1998
600527,江南高纤,2003
300215,电科院,2011
601518,吉林高速,2010
600594,益佰制药,2004
300261,雅本化学,2011
000560,我爱我家,1994
002554,惠博普,2011
300323,华灿光电,2012
000533,万家乐,1994
000153,丰原药业,2000
600665,天地源,1993
000936,华西股份,1999
300145,中金环境,2010
600501,航天晨光,2001
002090,金智科技,2006
900937,华电B股,1996
300232,洲明科技,2011
300446,乐凯新材,2015
300131,英唐智控,2010
002254,泰和新材,2008
002344,海宁皮城,2010
300147,香雪制药,2010
300406,九强生物,2014
000960,锡业股份,2000
600655,豫园股份,1992
000790,泰合健康,1998
601616,广电电气,2011
002682,龙洲股份,2012
300202,聚龙股份,2011
300447,全信股份,2015
603685,晨丰科技,2017
300431,暴风集团,2015
600578,京能电力,2002
600784,鲁银投资,1996
600549,厦门钨业,2002
002205,国统股份,2008
002126,银轮股份,2007
300391,康跃科技,2014
002081,金螳螂,2006
603128,华贸物流,2012
600879,航天电子,1995
002364,中恒电气,2010
000739,普洛药业,1997
002263,*ST东南,2008
603518,维格娜丝,2014
300429,强力新材,2015
002366,台海核电,2010
002397,梦洁股份,2010
300093,金刚玻璃,2010
000606,神州易桥,1996
601369,陕鼓动力,2010
300272,开能环保,2011
600739,辽宁成大,1996
300163,先锋新材,2011
600030,中信证券,2003
600354,敦煌种业,2004
300387,富邦股份,2014
000900,现代投资,1999
002058,威尔泰,2006
002555,三七互娱,2011
002607,亚夏汽车,2011
002133,广宇集团,2007
300423,鲁亿通,2015
002325,洪涛股份,2009
002346,柘中股份,2010
603001,奥康国际,2012
300239,东宝生物,2011
300178,腾邦国际,2011
002395,双象股份,2010
300197,铁汉生态,2011
600717,天津港,1996
600202,*ST哈空,1999
600588,用友网络,2001
600757,长江传媒,1996
600874,创业环保,1995
000968,蓝焰控股,2000
002054,德美化工,2006
000021,深科技,1994
000713,丰乐种业,1997
000608,阳光股份,1996
300684,中石科技,2017
600641,万业企业,1993
002457,青龙管业,2010
300377,赢时胜,2014
002116,中国海诚,2007
600307,酒钢宏兴,2000
600115,东方航空,1997
300271,华宇软件,2011
300006,莱美药业,2009
002911,佛燃股份,2017
000519,中兵红箭,1993
300050,世纪鼎利,2010
600642,申能股份,1993
000776,广发证券,1997
600086,东方金钰,1997
200017,深中华B,1992
300456,耐威科技,2015
002234,民和股份,2008
600198,*ST大唐,1998
000576,广东甘化,1994
000578,盐湖集团,1995
300091,金通灵,2010
600422,昆药集团,2000
002143,印纪传媒,2007
000916,华北高速,1999
002658,雪迪龙,2012
002527,新时达,2010
600467,好当家,2004
000616,海航投资,1996
300099,精准信息,2010
300199,翰宇药业,2011
300291,华录百纳,2012
000897,津滨发展,1999
300061,康旗股份,2010
603022,新通联,2015
000752,西藏发展,1997
200025,特力B,1993
600976,健民集团,2004
600425,青松建化,2003
601016,节能风电,2014
300033,同花顺,2009
002175,东方网络,2007
601021,春秋航空,2015
600626,申达股份,1993
600881,亚泰集团,1995
600715,文投控股,1996
000400,许继电气,1997
000514,渝开发,1993
002310,东方园林,2009
900934,锦江B股,1994
900940,大名城B,1996
002157,正邦科技,2007
300027,华谊兄弟,2009
600188,兖州煤业,1998
200468,*ST宁通B,1997
300181,佐力药业,2011
000938,紫光股份,1999
002432,九安医疗,2010
002512,达华智能,2010
002529,海源机械,2010
300342,天银机电,2012
002685,华东重机,2012
300320,海达股份,2012
300435,中泰股份,2015
600999,招商证券,2009
600242,中昌数据,2000
002741,光华科技,2015
300422,博世科,2015
002100,天康生物,2006
002646,青青稞酒,2011
002698,博实股份,2012
000958,东方能源,1999
300177,中海达,2011
600639,浦东金桥,1993
603456,九洲药业,2014
600834,申通地铁,1994
601098,中南传媒,2010
002195,二三四五,2007
000785,武汉中商,1997
000939,凯迪生态,1999
000040,东旭蓝天,1994
900928,临港B股,1994
900957,凌云B股,2000
600638,新黄浦,1993
000961,中南建设,2000
600606,绿地控股,1992
002459,天业通联,2010
603555,贵人鸟,2014
300293,蓝英装备,2012
600561,江西长运,2002
601799,星宇股份,2011
603601,再升科技,2015
601019,山东出版,2017
002469,三维工程,2010
300254,仟源医药,2011
002606,大连电瓷,2011
603288,海天味业,2014
600490,鹏欣资源,2003
600583,海油工程,2002
600776,东方通信,1996
600279,重庆港九,2000
000725,京东方A,2001
900902,市北B股,1992
300245,天玑科技,2011
600477,杭萧钢构,2003
300243,瑞丰高材,2011
002641,永高股份,2011
603369,今世缘,2014
300191,潜能恒信,2011
601199,江南水务,2011
002750,龙津药业,2015
600781,辅仁药业,1996
002022,科华生物,2004
002552,*ST宝鼎,2011
200413,东旭B,1996
000859,国风塑业,1998
600676,交运股份,1993
002455,百川股份,2010
600894,广日股份,1996
601118,海南橡胶,2011
601618,中国中冶,2009
600576,祥源文化,2003
002241,歌尔股份,2008
300442,普丽盛,2015
002083,孚日股份,2006
600562,国睿科技,2003
600096,云天化,1997
600488,天药股份,2001
002023,海特高新,2004
000780,平庄能源,1997
600738,兰州民百,1996
000981,银亿股份,2000
300190,维尔利,2011
000617,中油资本,1996
600072,中船科技,1997
000090,天健集团,1999
002047,宝鹰股份,2005
600610,中毅达,1992
300327,中颖电子,2012
002626,金达威,2011
000973,佛塑科技,2000
002668,奥马电器,2012
300339,润和软件,2012
601233,桐昆股份,2011
900925,机电B股,1994
300453,三鑫医疗,2015
000792,盐湖股份,1997
600318,新力金融,2000
300362,天翔环境,2014
002042,华孚时尚,2005
000786,北新建材,1997
300136,信维通信,2010
300346,南大光电,2012
002673,西部证券,2012
000024,招商地产,1993
603003,龙宇燃油,2012
000598,兴蓉环境,1996
600010,包钢股份,2001
300347,泰格医药,2012
000778,新兴铸管,1997
002208,合肥城建,2008
000541,佛山照明,1993
600831,广电网络,1994
002427,*ST尤夫,2010
000670,盈方微,1996
002228,合兴包装,2008
002534,杭锅股份,2011
600509,天富能源,2002
002313,日海智能,2009
002038,双鹭药业,2004
300218,安利股份,2011
600778,*ST友好,1996
002371,北方华创,2010
300298,三诺生物,2012
300031,宝通科技,2009
000155,川化股份,2000
300219,鸿利智汇,2011
603598,引力传媒,2015
002110,三钢闽光,2007
600678,四川金顶,1993
600027,华电国际,2005
900932,陆家B股,1994
900946,天雁B股,1997
600963,岳阳林纸,2004
600677,航天通信,1993
300722,新余国科,2017
600848,上海临港,1994
601390,中国中铁,2007
603268,松发股份,2015
002725,跃岭股份,2014
600760,中航沈飞,1996
200026,飞亚达B,1993
000718,苏宁环球,1997
300405,科隆股份,2014
200521,皖美菱B,1996
000019,深深宝A,1992
300067,安诺其,2010
600869,智慧能源,1995
600725,ST云维,1996
002068,黑猫股份,2006
300189,神农基因,2011
600893,航发动力,1996
600559,老白干酒,2002
300307,慈星股份,2012
600004,白云机场,2003
600138,中青旅,1997
600456,宝钛股份,2002
600693,东百集团,1993
000409,山东地矿,1996
002003,伟星股份,2004
600321,*ST正源,2001
000762,西藏矿业,1997
000429,粤高速A,1998
600795,国电电力,1997
300206,理邦仪器,2011
300125,易世达,2010
002273,水晶光电,2008
000419,通程控股,1996
002920,德赛西威,2017
000682,东方电子,1997
002131,利欧股份,2007
002337,赛象科技,2010
600228,ST昌九,1999
603306,华懋科技,2014
600815,厦工股份,1994
002732,燕塘乳业,2014
300228,富瑞特装,2011
600820,隧道股份,1994
603970,中农立华,2017
600756,浪潮软件,1996
300207,欣旺达,2011
300084,海默科技,2010
000719,中原传媒,1997
002197,证通电子,2007
600809,山西汾酒,1994
603308,应流股份,2014
300078,思创医惠,2010
002293,罗莱生活,2009
000150,宜华健康,2000
600148,长春一东,1998
002373,千方科技,2010
002002,鸿达兴业,2004
300433,蓝思科技,2015
600185,格力地产,1999
601225,陕西煤业,2014
002339,积成电子,2010
300436,广生堂,2015
600592,龙溪股份,2002
600449,宁夏建材,2003
600680,*ST上普,1993
002173,创新医疗,2007
601106,中国一重,2010
002442,龙星化工,2010
002266,浙富控股,2008
000700,模塑科技,1997
002070,*ST众和,2006
002428,云南锗业,2010
300205,天喻信息,2011
600560,金自天正,2002
300439,美康生物,2015
300198,纳川股份,2011
600917,重庆燃气,2014
000516,国际医学,1993
600099,林海股份,1997
000594,国恒退,1996
300463,迈克生物,2015
300169,天晟新材,2011
601208,东材科技,2011
300301,长方集团,2012
002243,通产丽星,2008
000885,同力水泥,1999
000403,ST生化,1996
900912,外高B股,1993
000995,*ST皇台,2000
601933,永辉超市,2010
600375,华菱星马,2003
002921,联诚精密,2017
600160,巨化股份,1998
600600,青岛啤酒,1993
000830,鲁西化工,1998
002912,中新赛克,2017
000405,ST鑫光,1996
002065,东华软件,2006
000016,深康佳A,1992
600645,中源协和,1993
002052,同洲电子,2006
300159,新研股份,2011
600979,广安爱众,2004
002274,华昌化工,2008
002510,天汽模,2010
601798,*ST蓝科,2011
000911,南宁糖业,1999
300124,汇川技术,2010
600585,海螺水泥,2002
300288,朗玛信息,2012
600577,精达股份,2002
600025,华能水电,2017
600189,吉林森工,1998
000509,华塑控股,1993
600737,中粮糖业,1996
002256,兆新股份,2008
600671,天目药业,1993
002577,雷柏科技,2011
300238,冠昊生物,2011
300173,智慧松德,2011
600983,惠而浦,2004
300153,科泰电源,2010
000590,启迪古汉,1996
601901,方正证券,2011
300096,易联众,2010
000913,钱江摩托,1999
600856,中天能源,1994
603076,乐惠国际,2017
300152,科融环境,2010
002240,威华股份,2008
002663,普邦股份,2012
600100,同方股份,1997
601258,庞大集团,2011
002202,金风科技,2007
002010,传化智联,2004
000411,英特集团,1996
600455,博通股份,2004
300336,新文化,2012
600136,当代明诚,1998
200053,深基地B,1995
300200,高盟新材,2011
300112,万讯自控,2010
000015,PT中浩A,1992
603099,长白山,2014
603021,山东华鹏,2015
000788,北大医药,1997
002567,唐人神,2011
002666,德联集团,2012
601601,中国太保,2007
600187,国中水务,1998
603519,立霸股份,2015
603477,振静股份,2017
002709,天赐材料,2014
000708,大冶特钢,1997
000626,远大控股,1996
000690,宝新能源,1997
000415,渤海金控,1996
002617,露笑科技,2011
002050,三花智控,2005
600682,南京新百,1993
002651,利君股份,2012
600287,江苏舜天,2000
200596,古井贡B,1996
300334,津膜科技,2012
600243,青海华鼎,2000
000821,京山轻机,1998
600460,士兰微,2003
600051,宁波联合,1997
002317,众生药业,2009
000935,四川双马,1999
000611,天首发展,1996
600383,金地集团,2001
000738,航发控制,1997
002710,慈铭体检,
300302,同有科技,2012
600882,广泽股份,1995
002535,林州重机,2011
002619,艾格拉斯,2011
600864,哈投股份,1994
300461,田中精机,2015
600281,太化股份,2000
000422,*ST宜化,1996
603365,水星家纺,2017
000922,*ST佳电,1999
000039,中集集团,1994
002316,亚联发展,2009
300721,怡达股份,2017
002375,亚厦股份,2010
002035,华帝股份,2004
300023,宝德股份,2009
002231,奥维通信,2008
601677,明泰铝业,2011
300038,梅泰诺,2010
900938,海科B,1996
200771,杭汽轮B,1998
600050,中国联通,2002
002653,海思科,2012
002242,九阳股份,2008
601166,兴业银行,2007
000572,海马汽车,1994
600077,宋都股份,1997
600821,津劝业,1994
000767,漳泽电力,1997
600675,中华企业,1993
000906,浙商中拓,1999
600551,时代出版,2002
300392,腾信股份,2014
600758,红阳能源,1996
300332,天壕环境,2012
300126,锐奇股份,2010
600466,蓝光发展,2001
300360,炬华科技,2014
000006,深振业A,1992
600716,凤凰股份,1996
600890,中房股份,1996
601866,中远海发,2007
300085,银之杰,2010
300079,数码科技,2010
000088,盐田港,1997
000903,云内动力,1999
300448,浩云科技,2015
300330,华虹计通,2012
002209,达意隆,2008
002283,天润曲轴,2009
000816,*ST慧业,1997
600296,S兰铝,2000
600168,武汉控股,1998
000910,大亚圣象,1999
000669,金鸿控股,1996
600108,亚盛集团,1997
300039,上海凯宝,2010
600350,山东高速,2002
600833,第一医药,1994
002123,梦网集团,2007
000158,常山北明,2000
900913,国新B股,1993
300117,嘉寓股份,2010
600225,天津松江,2000
000538,云南白药,1993
002160,常铝股份,2007
300109,新开源,2010
300143,星普医科,2010
000901,航天科技,1999
603111,康尼机电,2014
300140,中环装备,2010
002342,巨力索具,2010
002508,老板电器,2010
603011,合锻智能,2014
000796,凯撒旅游,1997
600863,内蒙华电,1994
002402,和而泰,2010
000836,鑫茂科技,1997
600709,ST生态,1996
000791,甘肃电投,1997
300097,智云股份,2010
601669,中国电建,2011
600197,伊力特,1999
600248,延长化建,2000
600406,国电南瑞,2003
000878,云南铜业,1998
000917,电广传媒,1999
601015,陕西黑猫,2014
000566,海南海药,1994
601965,中国汽研,2012
002559,亚威股份,2011
300260,新莱应材,2011
300355,蒙草生态,2012
000156,华数传媒,2000
603678,火炬电子,2015
600094,大名城,1997
300310,宜通世纪,2012
002199,东晶电子,2007
600568,中珠医疗,2001
300455,康拓红外,2015
600830,香溢融通,1994
600556,ST慧球,2001
000899,赣能股份,1997
000543,皖能电力,1993
000662,天夏智慧,1996
600398,海澜之家,2000
000970,中科三环,2000
600308,华泰股份,2000
300324,旋极信息,2012
002215,诺普信,2008
600009,上海机场,1998
000768,中航飞机,1997
900952,锦港B股,1998
002613,北玻股份,2011
600410,华胜天成,2004
002076,雪莱特,2006
900927,物贸B股,1994
002556,辉隆股份,2011
603278,大业股份,2017
002163,中航三鑫,2007
200020,深华发B,1992
600590,泰豪科技,2002
300137,先河环保,2010
600838,上海九百,1994
002728,特一药业,2014
002649,博彦科技,2012
601800,中国交建,2012
300133,华策影视,2010
600624,复旦复华,1993
600340,华夏幸福,2003
002416,爱施德,2010
000886,海南高速,1998
002622,融钰集团,2011
600155,宝硕股份,1998
300415,伊之密,2015
000157,中联重科,2000
300183,东软载波,2011
603789,星光农机,2015
002336,人人乐,2010
002279,久其软件,2009
002581,未名医药,2011
601888,中国国旅,2009
000069,华侨城A,1997
600421,ST仰帆,2004
002281,光迅科技,2009
002588,史丹利,2011
600868,梅雁吉祥,1994
601872,招商轮船,2006
600745,闻泰科技,1996
002169,智光电气,2007
600312,平高电气,2001
002011,盾安环境,2004
002747,埃斯顿,2015
300192,科斯伍德,2011
600089,特变电工,1997
600871,*ST油服,1995
300730,科创信息,2017
002411,必康股份,2010
002277,友阿股份,2009
000912,*ST天化,1999
601336,新华保险,2011
601188,龙江交通,2010
600053,九鼎投资,1997
300081,恒信东方,2010
603283,赛腾股份,2017
601519,大智慧,2011
000562,宏源证券,1994
002603,以岭药业,2011
002362,汉王科技,2010
900926,宝信B,1994
600965,福成股份,2004
300279,和晶科技,2011
002280,联络互动,2009
603918,金桥信息,2015
002399,海普瑞,2010
002461,珠江啤酒,2010
600889,南京化纤,1996
200022,深赤湾B,1993
000883,湖北能源,1998
600650,锦江投资,1993
600277,亿利洁能,2000
600444,国机通用,2004
900904,神奇B股,1992
200992,中鲁B,2000
300250,初灵信息,2011
600173,卧龙地产,1999
600885,宏发股份,1996
603328,依顿电子,2014
600628,新世界,1993
600486,扬农化工,2002
002112,三变科技,2007
600793,宜宾纸业,1997
000025,特力A,1993
002755,东方新星,2015
600656,退市博元,1990
300069,金利华电,2010
000756,新华制药,1997
002119,康强电子,2007
600195,中牧股份,1999
600433,冠豪高新,2003
002148,北纬科技,2007
002203,海亮股份,2008
000565,渝三峡A,1994
002073,软控股份,2006
002030,达安基因,2004
002745,木林森,2015
000819,岳阳兴长,1997
002066,瑞泰科技,2006
600239,云南城投,1999
600898,国美通讯,1996
002152,广电运通,2007
000539,粤电力A,1993
601789,宁波建工,2011
000783,长江证券,1997
002377,国创高新,2010
600435,北方导航,2003
000601,韶能股份,1996
600765,中航重机,1996
300184,力源信息,2011
300167,迪威迅,2011
600747,ST大控,1996
300162,雷曼股份,2011
002553,南方轴承,2011
002296,辉煌科技,2009
002368,太极股份,2010
002671,龙泉股份,2012
002477,雏鹰农牧,2010
300379,东方通,2014
002430,杭氧股份,2010
600163,中闽能源,1998
600651,飞乐音响,1990
601268,*ST二重,2010
002021,中捷资源,2004
002020,京新药业,2004
200625,长安B,1996
603669,灵康药业,2015
600880,博瑞传播,1995
603005,晶方科技,2014
002249,大洋电机,2008
002407,多氟多,2010
300241,瑞丰光电,2011
002093,国脉科技,2006
002438,江苏神通,2010
000333,美的集团,2013
300174,元力股份,2011
200530,大冷B,1998
000582,北部湾港,1995
002306,*ST云网,2009
600798,宁波海运,1997
603718,海利生物,2015
002245,澳洋顺昌,2008
002033,丽江旅游,2004
900905,老凤祥B,1992
600992,贵绳股份,2004
600749,*ST藏旅,1996
300321,同大股份,2012
002733,雄韬股份,2014
000697,炼石有色,1997
600065,*ST联谊,1997
600272,开开实业,2001
002440,闰土股份,2010
601566,九牧王,2011
002540,亚太科技,2011
002078,太阳纸业,2006
002740,爱迪尔,2015
002129,中环股份,2007
600237,铜峰电子,2000
601788,光大证券,2009
300182,捷成股份,2011
300054,鼎龙股份,2010
000779,三毛派神,1997
300071,华谊嘉信,2010
000048,康达尔,1994
600750,江中药业,1996
300165,天瑞仪器,2011
000818,航锦科技,1997
601636,旗滨集团,2011
300075,数字政通,2010
002295,精艺股份,2009
601628,中国人寿,2007
000605,渤海股份,1996
601555,东吴证券,2011
002271,东方雨虹,2008
002751,易尚展示,2015
002113,天润数娱,2007
600697,欧亚集团,1993
300253,卫宁健康,2011
000807,云铝股份,1998
601169,北京银行,2007
000503,国新健康,1992
600109,国金证券,1997
000528,柳工,1993
002108,沧州明珠,2007
603558,健盛集团,2015
300101,振芯科技,2010
002654,万润科技,2012
600670,*ST斯达,1993
300001,特锐德,2009
603012,创力集团,2015
603100,川仪股份,2014
002503,搜于特,2010
600249,两面针,2004
000058,深赛格,1996
600790,轻纺城,1997
002165,红宝丽,2007
600003,ST东北高,1999
600572,康恩贝,2004
600851,海欣股份,1994
002359,北讯集团,2010
600067,冠城大通,1997
002079,苏州固锝,2006
600079,人福医药,1997
000660,*ST南华,1996
000987,越秀金控,2000
300123,亚光科技,2010
000812,陕西金叶,1998
300042,朗科科技,2010
000011,深物业A,1992
002674,兴业科技,2012
002284,亚太股份,2009
603618,杭电股份,2015
002519,银河电子,2010
300412,迦南科技,2014
601588,北辰实业,2006
000985,大庆华科,2000
600782,新钢股份,1996
600500,中化国际,2000
600368,五洲交通,2000
601607,上海医药,1994
600238,*ST椰岛,2000
000651,格力电器,1996
000573,粤宏远A,1994
300451,创业软件,2015
002693,双成药业,2012
002363,隆基机械,2010
002029,七匹狼,2004
300322,硕贝德,2012
300725,药石科技,2017
600093,易见股份,1997
300257,开山股份,2011
600459,贵研铂业,2003
002259,升达林业,2008
000931,中关村,1999
000554,泰山石油,1993
600066,宇通客车,1997
000799,酒鬼酒,1997
600959,江苏有线,2015
600331,宏达股份,2001
600017,日照港,2006
000043,中航善达,1994
002474,榕基软件,2010
002599,盛通股份,2011
300462,华铭智能,2015
000513,丽珠集团,1993
002060,粤水电,2006
300311,任子行,2012
002096,南岭民爆,2006
300130,新国都,2010
002731,萃华珠宝,2014
002713,东易日盛,2014
600498,烽火通信,2001
300196,长海股份,2011
300065,海兰信,2010
200037,深南电B,1994
600649,城投控股,1993
000810,创维数字,1998
002141,贤丰控股,2007
300009,安科生物,2009
600884,杉杉股份,1996
603698,航天工程,2015
000887,中鼎股份,1998
002117,东港股份,2007
000755,*ST三维,1997
600620,天宸股份,1992
002055,得润电子,2006
300286,安科瑞,2012
603848,好太太,2017
002638,勤上股份,2011
300146,汤臣倍健,2010
000547,航天发展,1993
900951,大化B股,1997
600234,ST山水,2000
000026,飞亚达A,1993
603300,华铁科技,2015
603916,苏博特,2017
300053,欧比特,2010
300325,德威新材,2012
600000,浦发银行,1999
300225,金力泰,2011
900923,百联B股,1994
002261,拓维信息,2008
300283,温州宏丰,2012
000982,*ST中绒,2000
300352,北信源,2012
000033,新都退,1994
300029,天龙光电,2009
002154,报喜鸟,2007
002665,首航节能,2012
600569,安阳钢铁,2001
000698,沈阳化工,1997
000595,宝塔实业,1996
000677,恒天海龙,1996
300144,宋城演艺,2010
000918,嘉凯城,1999
002630,华西能源,2011
603568,伟明环保,2015
002420,毅昌股份,2010
600276,恒瑞医药,2000
000628,高新发展,1996
600462,九有股份,2003
002736,国信证券,2014
601992,金隅集团,2011
600399,抚顺特钢,2000
002612,朗姿股份,2011
600170,上海建工,1998
200869,张裕B,1997
002247,帝龙文化,2008
600428,中远海特,2002
002251,步步高,2008
600227,赤天化,2000
603828,柯利达,2015
300460,惠伦晶体,2015
600969,郴电国际,2004
002285,世联行,2009
600360,华微电子,2001
600727,鲁北化工,1996
000166,申万宏源,2015
000798,中水渔业,1998
603158,腾龙股份,2015
002041,登海种业,2005
002353,杰瑞股份,2010
002085,万丰奥威,2006
600291,西水股份,2000
600114,东睦股份,2004
002917,金奥博,2017
000795,英洛华,1997
300468,四方精创,2015
600855,航天长峰,1994
603703,盛洋科技,2015
600607,上实医药,1992
601339,百隆东方,2012
600713,南京医药,1996
002360,同德化工,2010
300343,联创互联,2012
000636,风华高科,1996
300394,天孚通信,2015
002621,三垒股份,2011
000068,华控赛格,1997
002225,濮耐股份,2008
000753,漳州发展,1997
001965,招商公路,2017
600275,ST昌鱼,2000
002580,圣阳股份,2011
603699,纽威股份,2014
300244,迪安诊断,2011
000001,平安银行,1991
002014,永新股份,2004
600258,首旅酒店,2000
002684,猛狮科技,2012
600381,青海春天,2001
600316,洪都航空,2000
600162,香江控股,1998
600150,*ST船舶,1998
000908,景峰医药,1999
002528,英飞拓,2010
000928,中钢国际,1999
600393,粤泰股份,2001
900929,锦旅B股,1994
603018,中设集团,2014
600843,上工申贝,1994
603599,广信股份,2015
000526,紫光学大,1993
601398,工商银行,2006
600070,浙江富润,1997
000902,新洋丰,1999
600984,建设机械,2004
600156,华升股份,1998
600552,凯盛科技,2002
603711,香飘飘,2017
000599,青岛双星,1996
600429,三元股份,2003
900907,鹏起B股,1992
300150,世纪瑞尔,2010
300369,绿盟科技,2014
300135,宝利国际,2010
600352,浙江龙盛,2003
200058,深赛格B,1996
600886,国投电力,1996
603338,浙江鼎力,2015
000893,*ST东凌,1998
000957,中通客车,2000
600726,华电能源,1996
300011,鼎汉技术,2009
002573,清新环境,2011
900947,振华B股,1997
600829,人民同泰,1994
300326,凯利泰,2012
002211,宏达新材,2008
600240,华业资本,2000
002252,上海莱士,2008
000963,华东医药,2000
601226,华电重工,2014
601600,中国铝业,2007
002423,中原特钢,2010
600232,金鹰股份,2000
000404,华意压缩,1996
000685,中山公用,1997
200019,深深宝B,1992
002207,*ST准油,2008
002088,鲁阳节能,2006
600975,新五丰,2004
600135,乐凯胶片,1998
000151,中成股份,2000
600119,长江投资,1998
000978,桂林旅游,2000
601012,隆基股份,2012
300072,三聚环保,2010
603883,老百姓,2015
300188,美亚柏科,2011
600282,南钢股份,2000
600260,凯乐科技,2000
300277,海联讯,2011
600631,百联股份,1993
000060,中金岭南,1997
600201,生物股份,1999
300179,四方达,2011
300432,富临精工,2015
300210,森远股份,2011
600223,鲁商置业,2000
600363,联创光电,2001
600563,法拉电子,2002
300418,昆仑万维,2015
002697,红旗连锁,2012
601099,太平洋,2007
600788,*ST达曼,1996
002158,汉钟精机,2007
000639,西王食品,1996
000813,德展健康,1998
002715,登云股份,2014
600860,京城股份,1994
002352,顺丰控股,2010
000758,中色股份,1997
600129,太极集团,1997
300413,快乐购,2015
600088,中视传媒,1997
600597,光明乳业,2002
600319,亚星化学,2001
600729,重庆百货,1996
300426,唐德影视,2015
000868,安凯客车,1997
002080,中材科技,2006
600828,茂业商业,1994
300154,瑞凌股份,2010
300098,高新兴,2010
000972,*ST中基,2000
000967,盈峰环境,2000
002230,科大讯飞,2008
300395,菲利华,2014
000637,茂化实华,1996
002338,奥普光电,2010
300267,尔康制药,2011
300259,新天科技,2011
300303,聚飞光电,2012
000766,通化金马,1997
603869,北部湾旅,2015
200045,深纺织B,1994
002212,南洋股份,2008
002743,富煌钢构,2015
600359,新农开发,1999
002624,完美世界,2011
000820,神雾节能,1998
600685,中船防务,1993
600769,祥龙电业,1996
002004,华邦健康,2004
002916,深南电路,2017
002111,威海广泰,2007
300269,联建光电,2011
601579,会稽山,2014
603917,合力科技,2017
002568,百润股份,2011
002498,汉缆股份,2010
300264,佳创视讯,2011
600732,ST新梅,1996
002017,东信和平,2004
300168,万达信息,2011
000030,富奥股份,1993
300309,吉艾科技,2012
300055,万邦达,2010
200512,闽灿坤B,1993
002323,雅百特,2009
300059,东方财富,2010
600629,华建集团,1993
002311,海大集团,2009
600696,ST岩石,1993
002190,成飞集成,2007
000728,国元证券,1997
002531,天顺风能,2010
002532,新界泵业,2010
600817,ST宏盛,1994
002258,利尔化学,2008
600169,太原重工,1998
601158,重庆水务,2010
601608,中信重工,2012
000701,厦门信达,1997
600508,上海能源,2001
002492,恒基达鑫,2010
600858,银座股份,1994
600667,太极实业,1993
002572,索菲亚,2011
002706,良信电器,2014
600213,亚星客车,1999
600707,彩虹股份,1996
600207,安彩高科,1999
300213,佳讯飞鸿,2011
601333,广深铁路,2006
603606,东方电缆,2014
002289,宇顺电子,2009
002374,丽鹏股份,2010
300005,探路者,2009
300427,红相股份,2015
002061,浙江交科,2006
000536,华映科技,1993
002657,中科金财,2012
600131,岷江水电,1998
300044,赛为智能,2010
600981,汇鸿集团,2004
600792,云煤能源,1997
000548,湖南投资,1993
300021,大禹节水,2009
000301,东方市场,2000
002481,双塔食品,2010
600967,内蒙一机,2004
002255,海陆重工,2008
000408,藏格控股,1996
600496,精工钢构,2002
300414,中光防雷,2015
002349,精华制药,2010
000838,财信发展,1997
002144,宏达高科,2007
600377,宁沪高速,2001
000587,金洲慈航,1996
002299,圣农发展,2009
002182,云海金属,2007
200054,建车B,1995
002189,利达光电,2007
600861,北京城乡,1994
600805,悦达投资,1994
000815,美利云,1998
000869,张裕A,2000
300036,超图软件,2009
601126,四方股份,2010
600617,国新能源,1992
603026,石大胜华,2015
603788,宁波高发,2015
002019,亿帆医药,2004
600141,兴发集团,1999
002475,立讯精密,2010
600507,方大特钢,2003
002449,国星光电,2010
600408,*ST安泰,2003
600689,上海三毛,1993
603167,渤海轮渡,2012
600733,SST前锋,1996
000948,南天信息,1999
002541,鸿路钢构,2011
600666,奥瑞德,1993
000540,中天金融,1994
000625,长安汽车,1997
000537,广宇发展,1993
000966,长源电力,2000
600783,鲁信创投,1996
603898,好莱客,2015
002615,哈尔斯,2011
600601,方正科技,1990
000712,锦龙股份,1997
600387,海越股份,2004
002539,云图控股,2011
300438,鹏辉能源,2015
600221,海航控股,1999
600579,天华院,2002
600019,宝钢股份,2000
600151,航天机电,1998
002758,华通医药,2015
600742,一汽富维,1996
600499,科达洁能,2002
002179,中航光电,2007
002524,光正集团,2010
601919,中远海控,2007
000003,PT金田A,1991
600582,天地科技,2002
601727,上海电气,2008
600480,凌云股份,2003
200152,山航B,2000
601107,四川成渝,2009
600373,中文传媒,2002
300338,开元股份,2012
600703,三安光电,1996
000861,海印股份,1998
600746,江苏索普,1996
200553,沙隆达B,1997
000898,鞍钢股份,1997
600206,有研新材,1999
300318,博晖创新,2012
002576,通达动力,2011
600654,ST中安,1990
002229,鸿博股份,2008
600609,金杯汽车,1992
600085,同仁堂,1997
600122,宏图高科,1998
002465,海格通信,2010
600587,新华医疗,2002
000557,西部创业,1994
002562,兄弟科技,2011
002564,天沃科技,2011
200726,鲁泰B,1997
002623,亚玛顿,2011
002548,金新农,2011
002476,宝莫股份,2010
000629,*ST钒钛,1996
600062,华润双鹤,1997
600710,苏美达,1996
600337,美克家居,2000
300223,北京君正,2011
600754,锦江股份,1996
000065,北方国际,1998
600390,五矿资本,2001
600463,空港股份,2004
600330,天通股份,2001
600252,中恒集团,2000
603169,兰石重装,2014
600297,广汇汽车,2000
900917,海欣B股,1993
600995,文山电力,2004
300374,恒通科技,2015
300295,三六五网,2012
600844,丹化科技,1994
300353,东土科技,2012
300727,润禾材料,2017
002485,希努尔,2010
603808,歌力思,2015
600048,保利地产,2006
002412,汉森制药,2010
300110,华仁药业,2010
300170,汉得信息,2011
900915,中路B股,1993
600320,振华重工,2000
601567,三星医疗,2011
600438,通威股份,2004
600618,氯碱化工,1992
000828,东莞控股,1997
300420,五洋停车,2015
600103,青山纸业,1997
600605,汇通能源,1992
600493,凤竹纺织,2004
300193,佳士科技,2011
002458,益生股份,2010
000037,深南电A,1994
600361,华联综超,2001
600797,浙大网新,1997
600803,新奥股份,1994
002718,友邦吊顶,2014
601011,宝泰隆,2011
600767,ST运盛,1996
000969,安泰科技,2000
600015,华夏银行,2003
300118,东方日升,2010
600847,万里股份,1994
002153,石基信息,2007
600743,华远地产,1996
002918,蒙娜丽莎,2017
200613,大东海B,1996
002506,协鑫集成,2010
600448,华纺股份,2001
002439,启明星辰,2010
002320,海峡股份,2009
000707,*ST双环,1997
600235,民丰特纸,2000
300158,振东制药,2011
000839,中信国安,1997
600183,生益科技,1998
600037,歌华有线,2001
002598,山东章鼓,2011
000659,珠海中富,1996
600899,*ST信联,1996
000888,峨眉山A,1997
603023,威帝股份,2015
000675,ST银山,1996
002227,奥特迅,2008
300012,华测检测,2009
600545,卓郎智能,2003
000596,古井贡酒,1996
002072,凯瑞德,2006
002445,中南文化,2010
300345,红宇新材,2012
600887,伊利股份,1996
002333,罗普斯金,2010
002016,世荣兆业,2004
000671,阳光城,1996
000971,高升控股,2000
600811,东方集团,1994
000063,中兴通讯,1997
600395,盘江股份,2001
002372,伟星新材,2010
002426,胜利精密,2010
300025,华星创业,2009
002049,紫光国微,2005
002135,东南网架,2007
601988,中国银行,2006
000552,靖远煤电,1994
002748,世龙实业,2015
200018,神州B,1992
300035,中科电气,2009
603611,诺力股份,2015
002923,润都股份,2018
000610,西安旅游,1996
600841,上柴股份,1994
600446,金证股份,2003
600720,祁连山,1996
601818,光大银行,2010
600540,新赛股份,2004
600420,现代制药,2004
002388,新亚制程,2010
000805,*ST炎黄,1998
300107,建新股份,2010
600299,安迪苏,2000
000979,中弘股份,2000
002635,安洁科技,2011
300185,通裕重工,2011
300401,花园生物,2014
603998,方盛制药,2014
600502,安徽水利,2003
600736,苏州高新,1996
600584,长电科技,2003
002522,浙江众成,2010
600643,爱建集团,1993
600866,星湖科技,1994
002724,海洋王,2014
002265,西仪股份,2008
000999,华润三九,2000
600731,湖南海利,1996
601009,南京银行,2007
300411,金盾股份,2014
900924,上工B股,1994
600982,宁波热电,2004
002670,国盛金控,2012
600539,*ST狮头,2001
300390,天华超净,2014
300013,新宁物流,2009
600862,中航高科,1994
600978,宜华生活,2004
600301,ST南化,2000
603008,喜临门,2012
600962,国投中鲁,2004
300274,阳光电源,2011
000632,三木集团,1996
200488,晨鸣B,1997
600623,华谊集团,1992
300273,和佳股份,2011
900930,*ST沪普B,1994
300142,沃森生物,2010
603015,弘讯科技,2015
000056,皇庭国际,1996
600673,东阳光科,1993
600970,中材国际,2005
300175,朗源股份,2011
600180,瑞茂通,1998
600987,航民股份,2004
601028,玉龙股份,2011
600007,中国国贸,1999
000050,深天马A,1995
002488,金固股份,2010
002511,中顺洁柔,2010
002418,康盛股份,2010
603077,和邦生物,2012
300290,荣科科技,2012
600873,梅花生物,1995
000661,长春高新,1996
300063,天龙集团,2010
600802,福建水泥,1994
000720,*ST新能,1997
603969,银龙股份,2015
002198,嘉应制药,2007
603198,迎驾贡酒,2015
002409,雅克科技,2010
600080,金花股份,1997
000020,深华发A,1992
600271,航天信息,2003
900906,中毅达B,1992
603766,隆鑫通用,2012
600118,中国卫星,1997
002290,中科新材,2009
900943,开开B股,1997
002321,华英农业,2009
002660,茂硕电源,2012
600824,益民集团,1994
002746,仙坛股份,2015
002267,陕天然气,2008
000983,西山煤电,2000
002012,凯恩股份,2004
002043,兔宝宝,2005
002463,沪电股份,2010
600512,腾达建设,2002
603885,吉祥航空,2015
601058,赛轮金宇,2011
002448,中原内配,2010
002172,澳洋科技,2007
600598,北大荒,2002
300003,乐普医疗,2009
300004,南风股份,2009
002400,省广集团,2010
002213,特尔佳,2008
603818,曲美家居,2015
002350,北京科锐,2010
000667,美好置业,1996
600558,大西洋,2001
600877,ST嘉陵,1995
000591,太阳能,1996
002115,三维通信,2007
002494,华斯股份,2010
600199,金种子酒,1998
601700,风范股份,2011
601117,中国化学,2010
600497,驰宏锌锗,2004
600061,国投资本,1997
600531,豫光金铅,2002
000430,张家界,1996
002009,天奇股份,2004
002174,游族网络,2007
000581,威孚高科,1998
600458,时代新材,2002
002566,益盛药业,2011
601877,正泰电器,2010
000607,华媒控股,1996
300421,力星股份,2015
300292,吴通控股,2012
000559,万向钱潮,1994
300664,鹏鹞环保,2018
603600,永艺股份,2015
600837,海通证券,1994
600097,开创国际,1997
002408,齐翔腾达,2010
000421,南京公用,1996
300114,中航电测,2010
002392,北京利尔,2010
600495,晋西车轴,2004
002680,长生生物,2012
000096,广聚能源,2000
002460,赣锋锂业,2010
002059,云南旅游,2006
002185,华天科技,2007
000937,冀中能源,1999
002694,顾地科技,2012
600278,东方创业,2000
002473,*ST圣莱,2010
600775,南京熊猫,1996
600850,华东电脑,1994
002690,美亚光电,2012
002753,永东股份,2015
002530,金财互联,2010
000401,冀东水泥,1996
600035,楚天高速,2004
600636,三爱富,1993
300449,汉邦高科,2015
300064,豫金刚石,2010
300234,开尔新材,2011
603588,高能环境,2014
000759,中百集团,1997
000046,泛海控股,1994
000803,*ST金宇,1998
000530,大冷股份,1993
002514,宝馨科技,2010
600153,建发股份,1998
002676,顺威股份,2012
600220,江苏阳光,1999
000567,海德股份,1994
600311,荣华实业,2001
000976,华铁股份,2000
000012,南玻A,1992
002166,莱茵生物,2007
002726,龙大肉食,2014
600630,龙头股份,1993
002305,南国置业,2009
002379,宏创控股,2010
002441,众业达,2010
002069,獐子岛,2006
601898,中煤能源,2008
600547,山东黄金,2003
600253,天方药业,2000
002161,远望谷,2007
600960,渤海汽车,2004
000825,太钢不锈,1998
600528,中铁工业,2001
300103,达刚路机,2010
200011,深物业B,1992
600705,中航资本,1996
002286,保龄宝,2009
600744,华银电力,1996
300094,国联水产,2010
600807,*ST天业,1994
601899,紫金矿业,2008
600128,弘业股份,1997
000022,深赤湾A,1993
300373,扬杰科技,2014
002262,恩华药业,2008
002551,尚荣医疗,2011
002134,天津普林,2007
300348,长亮科技,2012
000600,建投能源,1996
300049,福瑞股份,2010
002382,蓝帆医疗,2010
300186,大华农,2011
002451,摩恩电气,2010
002585,双星新材,2011
600386,北巴传媒,2001
900942,黄山B股,1996
002560,通达股份,2011
300287,飞利信,2012
002044,美年健康,2005
002248,华东数控,2008
600748,上实发展,1996
300066,三川智慧,2010
000927,一汽夏利,1999
300045,华力创通,2010
000009,中国宝安,1991
300465,高伟达,2015
300058,蓝色光标,2010
600060,海信电器,1997
300160,秀强股份,2011
002236,大华股份,2008
000062,深圳华强,1997
600804,鹏博士,1994
600980,北矿科技,2004
300276,三丰智能,2011
601111,中国国航,2006
002462,嘉事堂,2010
002437,誉衡药业,2010
600008,首创股份,2000
900921,丹科B股,1993
600016,民生银行,2000
600126,杭钢股份,1998
002702,海欣食品,2012
300111,向日葵,2010
300262,巴安水务,2011
002075,沙钢股份,2006
601010,文峰股份,2011
002037,久联发展,2004
601929,吉视传媒,2012
600063,皖维高新,1997
000428,华天酒店,1996
600192,长城电工,1998
000656,金科股份,1996
600432,退市吉恩,2003
600184,光电股份,2003
600388,龙净环保,2000
600216,浙江医药,1999
600517,置信电气,2003
002300,太阳电缆,2009
600074,*ST保千,1997
000520,长航凤凰,1993
002645,华宏科技,2011
601890,亚星锚链,2010
000687,华讯方舟,1997
200550,江铃B,1995
600081,东风科技,1997
000657,中钨高新,1996
600416,湘电股份,2002
002376,新北洋,2010
600714,金瑞矿业,1996
300316,晶盛机电,2012
002919,名臣健康,2017
300221,银禧科技,2011
600054,黄山旅游,1997
603116,红蜻蜓,2015
300280,南通锻压,2011
000962,东方钽业,2000
002287,奇正藏药,2009
600812,华北制药,1994
600785,新华百货,1997
300051,三五互联,2010
300237,美晨生态,2011
300216,千山药机,2011
002140,东华科技,2007
002597,金禾实业,2011
600002,齐鲁石化,1998
000553,沙隆达A,1993
000555,神州信息,1994
600317,营口港,2002
002583,海能达,2011
601168,西部矿业,2007
000802,北京文化,1998
600098,广州发展,1997
603002,宏昌电子,2012
200028,一致B,1993
000716,黑芝麻,1997
600615,丰华股份,1992
002604,*ST龙力,2011
601299,中国北车,2009
600575,皖江物流,2003
601857,中国石油,2007
300077,国民技术,2010
300212,易华录,2011
002292,奥飞娱乐,2009
600023,浙能电力,2013
600322,天房发展,2001
600800,天津磁卡,1993
000726,鲁泰A,2000
601177,杭齿前进,2010
000585,*ST东电,1995
000750,国海证券,1997
002507,涪陵榨菜,2010
600700,*ST数码,1996
600896,*ST海投,1996
603318,派思股份,2015
002221,东华能源,2008
600266,北京城建,1999
300409,道氏技术,2014
603333,明星电缆,2012
300441,鲍斯股份,2015
300164,通源石油,2011
600476,湘邮科技,2003
002039,黔源电力,2005
200505,京粮B,1995
002523,天桥起重,2010
603661,恒林股份,2017
002590,万安科技,2011
002086,东方海洋,2006
600372,中航电子,2001
002661,克明面业,2012
300278,华昌达,2011
000733,振华科技,1997
300010,立思辰,2009
600057,厦门象屿,1997
000748,长城信息,1997
600865,百大集团,1994
600771,广誉远,1996
600401,*ST海润,2003
002722,金轮股份,2014
600684,珠江实业,1993
002570,*ST因美,2011
600439,瑞贝卡,2003
002291,星期六,2009
900941,东信B股,1996
300735,光弘科技,2017
600897,厦门空港,1996
002632,道明光学,2011
002074,国轩高科,2006
002034,旺能环境,2004
002312,三泰控股,2009
002156,通富微电,2007
002183,怡亚通,2007
300314,戴维医疗,2012
002752,昇兴股份,2015
002521,齐峰新材,2010
300444,双杰电气,2015
600485,信威集团,2003
600933,爱柯迪,2017
603997,继峰股份,2015
000921,海信科龙,1999
300370,安控科技,2014
002723,金莱特,2014
000613,大东海A,1997
002696,百洋股份,2012
002515,金字火腿,2010
601666,平煤股份,2006
600133,东湖高新,1998
600891,秋林集团,1996
002526,山东矿机,2010
002500,山西证券,2010
002602,世纪华通,2011
600674,川投能源,1993
600505,西昌电力,2002
002513,蓝丰生化,2010
600028,中国石化,2001
002464,众应互联,2010
300100,双林股份,2010
002201,九鼎新材,2007
002057,中钢天源,2006
002595,豪迈科技,2011
000563,陕国投A,1994
300249,依米康,2011
002681,奋达科技,2012
600121,郑州煤电,1998
002315,焦点科技,2009
600257,大湖股份,2000
